"agency_id","agency"
1,Garrison Estate Nexus
2,Chohan Estate
3,Al-Bari Real Estate
4,Realtek Properties
5,Estate Legends
6,Lahore Grande Real Estate
7,Harmain Real Estate & Builders
8,Qibla Estate & Builders
9,Js Associates & Builders
10,Abdullah Developers
11,Khan Estate & Builders (EME)
12,Sublime Estate & Builders
13,Askari associates
14,Shahbaz Brothers Real Estate
15,Pegasus110 (Pvt. ) Ltd.
16,Etihad Marketing
17,Town Estate
18,Lexis Estate
19,Ashraf Real Estate & Builders
20,Urban Properties
21,Believers Real Estate
22,Property Avenue Real Estate
23,Al Haram Marketing
24,ECO PROPERTIES
25,Defence Realtors
26,Best Home Real Estate
27,Personal Property Consultant  Advisor
28,Bin Saleh Real Estate & Construction Services
29,Khalifa  Real Estate
30,Fortune 1 Realtors
31,Leads Estates
32,Bin Noor Associates & Builders
33,Kirmani Marketing
34,Tameer Real Estate Consultant And Builders
35,Waleed Real Estate
36,Chaudhary Estate Advisor
37,UN Properties
38,D Group
39,PAK PROPERTY CONSULTANT
40,Muhammad Real Estate
41,Sial Estate
42,Rehaish Real Estate Services & Marketing
43,SJ Group
44,ILAND
45,Rahi Estate
46,AN-Naafy Estate
47,Makeen Marketing PVT Ltd
48,IDRAK Estate
49,A. K Marketing & Builder's
50,R. A Real Estate & Builder
51,Shakir Estate & Builders
52,Growth Marketing
53,Manzoor Associates
54,Sultan Real Estate
55,Land Markaz
56,Choudhry Estate
57,Max Land Estate
58,Jannat Property Network
59,DREAM VIEW PROPERTIES & Builders
60,Al Shams Estate & Builders
61,Landnest Real Estate & Builders
62,Mian Associate & Developers
63,Heaven Properties
64,Saim Estate & Builders
65,New Hira Estate & Builders
66,Land Holders Real Estate & Builders
67,Sehar Estate & Builders
68,Al- Buraq real Estate & Builders
69,Bismillah Estate & Builders
70,Azaan Associates
71,Al Haram Estate Advisor
72,Empire Real Estate & Construction Company
73,Al Raheem Real Estate
74,AL Qura Estate & Builders
75,Home Real Estate & Builders
76,Wasif Estate And Builder
77,Khalifa Real Estate
78,Friends Properties
79,Azam Real Estate
80,Royal Estate & Builders
81,Afzal Estate & Builders
82,Taqwa Associate & Builders
83,AR Properties
84,Modern Edge Estate & Builders
85,Zubair Associates & Builders
86,Hussain Real Estate & Builders
87,Iftikhar Estate & Builders
88,Aamir Associates & Builders
89,Mehar Real Estate
90,DHa Associ8s
91,MBR Properties
92,Tetra Pro Property Consultants
93,Global Real Estate
94,Saifee Estate
95,Syed Brothers (PVT) LTD (Airport Road)
96,Bilal Builders & Real Estate Consultant
97,Sultani Estate Adviser
98,Brothers Estate
99,Syed Brothers PVT LTD (Ph: 2 DHA)
100,SKY LINE MARKETING
101,Property Next Associate  Marketing
102,Hafiz Property Advisor & Builders
103,Rehmat Sons Real Estate & Builders
104,Golfer Estate
105,Meer Associates
106,Al Hadi Estate & Builders
107,RS Real Estate  Developers
108,TJF Real Estate
109,Ahmer Estate & Builders
110,Rajput Estate Agency
111,Landlinks Estate Adviser
112,Al Bashir Impex
113,Ahmad Estate & Builders
114,Mega Real Estate
115,Ranjha Estate Adviser
116,SM Builders & Real Estate Consultants
117,BlackStone Properties
118,Estate Advisor
119,Al Madina Property Advisor
120,Bilal Estate & Builders
121,Malik Brothers Al Makkah Estate Advisor
122,Altaf Bhai Estate
123,New Askari Estate
124,Dawn Homes Consultant & Builders
125,Click Estate
126,Al Muqeet Estate & Builders
127,Syed Brothers Pvt Ltd. (Ph:2 Johar Town)
128,Paris Estate & Builders
129,Rehmat Bhais Real Estate
130,Al Habib Builders
131,Harum Real Estate & Builders
132,Chinioti Estate Builders
133,Haram Estate & Builders
134,Yaseen Estate
135,Al Arsh Enterprises
136,Al Fareed Property Experts
137,Al Rehman Estate
138,Peak Home Real Estate
139,Ali Bhai Estate
140,Mega Builders & Real Estate
141,Mian Sons Estate & Builders
142,Madina Estate
143,Bait Ul Izzat Realtors
144,Irshad Associates
145,Ahmed Real Estates
146,Zalmi Estate
147,APlus Property Network
148,Lahore Property Point
149,Expert Estate
150,Estate Zone
151,Syed Bhai Estate & Builders
152,Qasim Estate & Builders
153,Task Estate  Builders
154,Zafar Estate
155,Affan Enterprises
156,Jilani Estate
157,Mastwaar Group Real Estate  Builders
158,Yaseen Associates & Builders
159,Farooq Bhai Real Estate
160,Punjab Associates & Real Estate
161,Lines Associates
162,Chaudhary Estate Agency
163,Umer Real Estate
164,Faizan Builders
165,Hassan Estate
166,Lion Property
167,Al Jannat Real Estate
168,Future Planners
169,Khan Property Point
170,Mark Properties
171,Nasar Estate
172,Awan Real Estate & Builders
173,Maps Property Solutions
174,TSG Propeties
175,Hamdani Real Estate
176,Blue Land Marketing
177,Ahmad Real Estate
178,Ali Akbar Property Estate & Builders
179,Zeeshan Real Estate
180,Sahi Real Estate & Developer
181,Fair Deal Estate Advisor & Builders
182,Shakir Estate
183,Nouman & Brothers
184,Nafey Real Estate
185,AHK DEVELOPERS
186,Pak Real Estate & Builders
187,Al-Qasim Property
188,Arham Estate
189,Shaharyar Enterprisers
190,IBM Holdings
191,Ali Hajvery Associate & Builders
192,A2Z Property Advisor & Builders
193,Al Hamad Associates & Property Advisor
194,Military Estate
195,New Al Buraq Estate & Builders
196,SB Real Estate
197,MKAM Associates
198,Farzam Property Consultant
199,Chohan Property Exchange Real Estate Consultant
200,Property Planet
201,Rahnuma Estate Center
202,Ghani Associates
203,Dream Estate & Consultant
204,Warraich Estate  Developers
205,Supreme Estate & Builders
206,Ahsan Real Estate
207,Ayan Associates
208,Star Land Marketing
209,Rehmania Real Estate Advisor
210,R K Builders Real Estate Consultants
211,N M Associates
212,Iqbal Bhai Builders & Estates
213,Shahzad Builders
214,Trophy Properties
215,Al Hashir Associates
216,Umer Property Centre
217,ALAMGIRIAN ESTATE
218,Best Property & Builders
219,Al Shamas Estate
220,AB Real Estate
221,White Stone Real Estate
222,Capital Group
223,Al Razzaq Associate
224,Syed Real Estate & Builders
225,Maan Estate
226,Wealth Real Estate & Builders
227,Al Wali Estate & Builders
228,Kahaf Associates & Marketing
229,Falcon Real Estate & Builders
230,Globle Estate & Builders
231,Estate Express
232,Property Expert Advisor & Builders
233,Al-Nafay Estate
234,MAYMAR REAL ESTATE
235,Rana Estate
236,Siglavy Real Estate & Marketing
237,Chaudhry Real Estate & Builders
238,Adeel Real Estate & Builder
239,Madina Estate Advisor & Builders
240,Punjab Estate Adviser
241,ESTATE LINES
242,Al-Karam Estate
243,Shahum Estate
244,Abbas Real Estate
245,Saidan Real Estate
246,Nadeem Estate & Builders
247,Hafiz Estate & Builders
248,U Builders & Real Estate Adviser
249,Paramount Property Solutions
250,M Estate Constriction
251,Great Deal Associates
252,Mansha Associates
253,W. M Estate Advisor
254,Cantt Properties
255,Saad Rafique Associates
256,Al-Siddique Estate
257,Pakistan Estate
258,Property Hut Real Estate  Builders
259,Estate Craft Real Estate Consultant
260,Jehangir Associates
261,Hira Estate & Builders
262,Shaheen Estate Advisors
263,Prime Estates
264,Bilal Estate
265,Sheraz Brothers Associates
266,Fast Property Services
267,Zameen Central
268,Al Baari Estate & Builders
269,Matrix Real Estate
270,Itffaq Estate & Builders
271,Dua Estate & Builders
272,Boota Estate
273,Razi Associates
274,Central Property & Builders Pvt Ltd
275,Town Estate & Builders
276,Property Dera
277,Pasha Estate Agency
278,Estate 99
279,Lahore Property
280,Burhan Estate
281,Tycoon Realtors Consultant & Builders
282,MAHAAR REAL ESTATE ADVISOR
283,Shah Builders
284,MM Estate  Builders
285,Greenz Realtors
286,M S Estate
287,Azeem Associates & Builders
288,Ibn e Hashim Associates
289,Hamza Real Estate
290,AK Estate & Marketing
291,Ravian Real Estate
292,Mian Hamza Estate
293,Ashiq Construction & Property Traders
294,Al Kabir Estate & Builders
295,Malik Real Estate & Builders
296,Shahbaz Property Services
297,Bajwa Estate
298,Sultan Estate  Builders
299,HMA Properties & Builder
300,Pak Property Network
301,Wirasat Real Estate
302,Dawood Estate
303,Tejarat Estate & Builders
304,Khalil Estate & Builders
305,Abdullah Estate Advisors
306,Al Hamd Estate & Builders
307,Estate Force
308,Quaid Real Estate
309,Bukharis Estate Advisor
310,Anab Associates
311,Javaid Bhai Property Consultants
312,Marhaba Estate & Agency
313,Naqeeb Associates
314,Faseeh Estate
315,Subhan Allah Property Center
316,Sohni Dharti Real Estate & Builders
317,Sahiwal Estate  & Builders
318,Property World Estate  Developers
319,Jillani Estate
320,Arazi Real Estate
321,Mahaar Group Pvt Ltd
322,MOJ ESTATES
323,EHA Builders & Real Estate
324,Hashmi Estate And Builders
325,Abid Associates
326,New Lahore Properties
327,Al Khidmat Real Estate  Builders
328,Property House Builders And Constructions
329,Jannat Home Estate
330,Prime Estate & Builders
331,Umoja Builders
332,Bhatti Associates
333,Janjua Estate
334,Ch Estate Advisor
335,Bilal Khan Associates
336,Khan Zaamen Associates
337,MA Real Estate Consultant & Builders
338,Rafi & Sons Real Estate & Construction Company
339,The Team
340,Tauheed Marketing
341,Kashif Abdullah Estate
342,Mohsin Associates
343,Lahore Falcons Real Estate Consultant & Builders
344,Al Makkah Estate
345,House & Plots Real Estate & Builders
346,Daiwal Estate
347,HM Estate
348,Ali Estate Advisor
349,United Property Center
350,Royal Properties
351,Concept Estate Agents
352,Estate View Real Estate & Builders
353,SD Associates
354,Apna Estate & Builders
355,Panjtan Estate
356,Property Bridge
357,Mian Estate  Developers
358,Vision Planners & Builders
359,Estate Experts Lahore
360,MUZAMIL ESTATE
361,Madina Estate Advisor
362,Al Rehman Real Estate
363,Al Arab Estates
364,Askari Property
365,Be Happy Estate & builders
366,Ahmad Estate
367,Al Noor Real Estate
368,Shahab Estate
369,Takwa Estate & Developers
370,Makaan Guide Property Company
371,Raja Associates Developers And Builders
372,Imran Estate
373,Ittehad Estate Advisors
374,Nawara Estate & Builders
375,Mehboob Associates
376,Citizen Real Estate
377,Dream Developers & Property Consultants
378,Kashmir Developers Property Management
379,Secure Future Estate & Builders
380,Golden Estate
381,Fine Estate & Builders
382,Jinnah Associates
383,Raheel Estate & Builders
384,Mian Jee Real Estate & Builders
385,Rehan Properties Real Estate & Builders
386,Al Rehman Estate Links
387,Green Land Real Estate
388,HT Real Estate And Builders
389,Hassan Builders
390,Property Works
391,Omer Associates
392,Moon Estate Agency
393,Nazir Estate
394,TS Developers (Pvt) Ltd
395,Warraich Associates & Builders
396,Zamil Real Estate
397,Al Rauf Real Estate & Consultant
398,Al Nafay Estate
399,Mian Estate
400,M A Associates
401,Hadi Real Estate
402,Home Town Real Estate
403,Estate Services
404,First Class Marketing
405,Riaz Home Builders
406,Al Muqaddam Property
407,Ali Property Consultant
408,UPN (Universal Property Network)
409,Land World Estate & Builders
410,ATTARI ASSOCIATES
411,Agency user
412,Hasnain Estate & Builders
413,Property Square
414,Emaan Estate
415,S Property Links
416,Amir Associates
417,Estate Avenue
418,Pak Land Estate And Developers
419,Usman Estate
420,Umair Associates
421,Faheem Associates
422,Property Ideas
423,Syed Estates
424,Ababeel Properties
425,Haq Estate & Builders
426,Attique Associates & Builders
427,Rana Brothers Estate & Builders
428,Pakistan Estate Consult & Construct
429,Opportunity Real Estate
430,GA Estate & Builders
431,REPTOSTATE REAL ESTATE
432,Data Estate
433,Ozone Marketing
434,Destiny Real Estate & Builders
435,Royal Marketing Real Estate & Builders
436,Al-Haram Estate
437,Bin Aalim Travels & Estate Advisor
438,Ali Hajveri Estate
439,Sunshine Property Exchange
440,Kazmi Associates
441,ResCom Estate
442,Rana Mursleen Builder & Real Estate
443,GULZAR ESTATE  BUILDERS
444,MS Associates Real Estate Advisors
445,Pirzada Properties
446,Bao Estate
447,Rana Noor Associates
448,Noble Associates
449,International Property Management Group
450,Umar Estate
451,Al Bilal Estate & Builders
452,Mazhar Associates
453,MAHAL ESTATE (R)
454,Hotlink Estate
455,Baig Real Estate & Builders
456,This Name Is So Long To Check The String Length Of Call Bottom Sheet Design Of The Xd Given By Product
457,Imran Nazir Associates
458,Rana Associates
459,Kamran Estate
460,Fair Deal
461,Mak Properties
462,Soneri Estate
463,NS Estate & Builders
464,Mian Rafiq Estate Private Limited
465,Waleed Associate
466,White House Real Estate
467,Javed & Sons Real Estate
468,Reward Associates
469,Hashir Group
470,Aeon & Trisl
471,Al Saeed Associates
472,Shazli Estate & Builders
473,Good Luck Property Consultant & Builders
474,Shahid Estate & Builders
475,Roshaan Associates
476,Khalil Associates
477,Unity Developer
478,Paragon Club Real Estate
479,Alif Estate & Builders
480,Saleem Associates & Builders
481,AS Builders
482,SA Estate
483,Malik Property
484,Bismillah Associates
485,Magsi Estate
486,Alam Associates
487,Life Line Estate
488,Land Developers Real Estate  Builder
489,Property Point Estate & Builders
490,Next Residence Marketing
491,Ali Realtors
492,Yousaf Bhai's Real Estate
493,Lahore Property Services
494,Arcon Properties
495,Al Nafeh Estate Advisor
496,Waqar Real Estate
497,Yaqoob Estates
498,Al Naseeb Estate Property Consltant
499,Pairadaim Marketing
500,Nadeem Imam Associates
501,Konstruct Marketing
502,Nafay Estate Consultant Builders  Property Advisor
503,Smart Business Solution
504,Al Yousaf Property Consultant
505,Al Haram Estate & Developers
506,Faisal Associates
507,Bin Saleh Real Estate
508,Golden Ground Real Estate Developers
509,CB Marketing
510,Al Razziq Real Estate  Builders
511,Ilam Din Estate Advisor & Builders
512,Findwell Real Estate & Developers
513,Chattha Estate & Builders
514,Aiswa Associate
515,Hotline Associates
516,Ask Properties
517,Dream Lands Real Estate & Marketing
518,Al Shukran Properties
519,M Ibrahim Real Estate
520,Good Hope Real Estate
521,Amjad Properties
522,Roshan Estate
523,Peace Land Real Estate
524,Ali Saqlain Real Estate & Builders
525,Prime Properties
526,Imran Real Estate
527,Mustafa Associates & Builders
528,Asian Estate
529,Rana Estate & Builders
530,Hashmi Estate Advisor
531,Al Syed Estate
532,Al Kabir Town (Al Kabir Developers)
533,AR Saigal Estate
534,Razwan Associates
535,N. Y Real Estate  Builders
536,Group One  Real Estate
537,Bin Dawood Marketing
538,Prime Estate
539,Wajdan Estate & Builders
540,MNF Real Estate And Builders
541,Honest Plus
542,Sheranwala Estate & Builders
543,Hadi Estates
544,Saeed Estate Advisor
545,zonec
546,Meezab Marketing
547,Estate Principles
548,Wa Real Estate & Builders
549,Hotline Estate & Builders Pvt Ltd.
550,Home 360
551,Mehar Estate
552,ZA Real Estate
553,Zamein Defence LHR
554,SR Marketing
555,Noor Brothers Estate & Builders
556,M-Links Real Estate
557,Zone B Associate
558,Shahzad Estate & Builders
559,Ibtisam Estate
560,Al Majid Associates
561,Move Marketing Pvt Ltd
562,Badshah Associates
563,Pakistan Associates & Builders
564,Property  Investment Point
565,Sultan Builders & Estate Adviser
566,Home & Earth Properties
567,MIRHA PROPERTIES & BUILDERS
568,Fortune Realtors
569,Arfat Real Estate
570,Azan Associates
571,Pearl Marketing
572,JS Real Associates
573,MIAN MIR REAL ESTATE
574,Property Master  Builders
575,Pride Property Associates
576,Muhammad Umar Property Network
577,Al Haseeb Associate
578,Khurram Real Estate
579,AQA Estate
580,Muzammil Real Estate & Builders
581,Shan Estate
582,Ali Baba Estate
583,Abdul Rehman Real Estate & Builders
584,New Door The Real Estate Company
585,Sukhera Associates
586,Al Qamar Estate
587,Imran Associates
588,Ameer Estate Advisor
589,Time To Move Real Estate
590,Builders Emporium Real Estate
591,Mahaar Properties
592,ValueMax Consulting
593,One Door Real Estate & Builders
594,Al Rehman Estate & Builders
595,Samar Associates
596,Pride Lands
597,Planet Associates & Builders
598,Pak Real Estate
599,Omer Saeed Real Estate & Builders
600,Khawaja's Real Estate Advisors
601,Snow White Realtor
602,Choice Construction & Real Estate
603,Power Property Associates
604,Jameel Son's Real Estate
605,Bissmillah Estate Advisors
606,Wise Choice Enterprices
607,Ali Umer Associates
608,Havalian Estate
609,Richmoor Real Estate
610,AL Umair Estate
611,Green Business Property
612,Chishti Estate
613,SN Marketing
614,Butt Brothers  Bin Alam Associates
615,UK Estate
616,Pak Associates
617,Arham Ali Associates
618,Al-Hasnain Marketing Real Estate And Builders
619,Ashraf Bhutta Estate
620,Grand Estate & Builders
621,Crown Estate  Marketing
622,Property Point Estate
623,S. H Estate & Builders
624,Unity Estates
625,ATTA ESTATE AND BUILDERS
626,Al Barkat Construction & Real Estate
627,Khurram Real Estate & Builders
628,Tayyab Real Estate & Builder
629,The Property Edge
630,AKHTAR PROPERTIES
631,GM Estate & Builders
632,Property Links
633,Sallar Consultants Developers
634,Jan Estate
635,Dera Property
636,Takbeer Developers
637,Babylon Properties
638,Fair Deal Associates
639,Pioneer Properties
640,Al Brooj Estate & Developers
641,Al Raffay Estate
642,Ikhlas Associates
643,Future Associates
644,Al-Umar Associates
645,Al Khair Group
646,ASHLEY ESTATE
647,Al Falah Estate & Builders
648,Homes Address Marketing & Developers
649,Gulberg Property Real Estate
650,"92 Estate"
651,Good Luck Estate
652,Chaudhary Estate  Developers
653,IS Estate & Builders
654,Property Tycoon
655,Khokhar Brothers Estate and Builders
656,Ali Real Estate
657,JS Realtors & Builders
658,Shershah Estate
659,SAFARIQ PROPERTIES
660,Unique Associates
661,Al Mansoor Sons Real Estate
662,The Land Services
663,Alaziz Associates
664,ZM Associates
665,Rukhshan Estate & Builders
666,Rich Land Real Estate
667,Zakir Estate Advisor
668,hamzarajpoot056727@gmail. com
669,ESL Associates
670,Al-Falah Group
671,RNA Associate & Buliders
672,AL Jannat Properties & Builders
673,Riasat Estate
674,Shafi Sons Estate & Builders
675,Haad Estates
676,Galaxy Estate
677,Bhatti Estate Advisor & Builders
678,Malik & Malik Estate  Builders
679,Khokhar Estate Advisor & Builders
680,Ajwa Property & Builders
681,Shahid Rabbani property Dealer
682,Nexus Properties
683,Mustafa Karim Properties
684,Gondal Real Estate
685,MAR Property Services
686,Lasani Real Estate
687,Estate Nexus Real Estate Consultant & Builders
688,Bhatti Estate
689,Al Mumtaz Associates
690,Usman Associates
691,Al Madina Estate Centre
692,Malook Marketing & Builders
693,Shiraffat Estate Adviser
694,Sajid Estate & Builders
695,Bismillah Estate & Marketing
696,Masoom Estate
697,Muhammad Ali Associates and Builders
698,AS Property  Builders
699,Frontline Real Estate Marketing
700,Mian Real Estate Consultants
701,Ghani Estates
702,BIG Deal Property Network Estate & Builders
703,Land Real Estate & Builders
704,Ghulam Haider Estate Advisor
705,Maalik Real Estate Agency
706,UR Properties
707,ZA Properties
708,NLC Professional Real Estate
709,Itifaaq Marketing
710,AM Realtors
711,Zahoor Estate & Builders
712,KASHIF ASSOCIATES REAL ESTATE  BUILDERS
713,Al Nafay Estate & Builders
714,Raheel Builders & Real Estate
715,Property Edge
716,Mukhtar Estate
717,Amir Real Estate & Builders
718,Awan Brothers Real Estate & Builders
719,Din Estate And Builders
720,Elite Properties & Builders
721,Ahmed Estate & Builders
722,Kashif Estate and Builder
723,Oxford Properties
724,Ajmair Properties
725,Ikon Real Estate
726,Sunder Estate
727,Al Maddad Builders & Estate
728,Hamza Estate & Builders
729,KB Developers
730,Dream Land Property Advisors & Builders
731,IR Associates
732,Al Khan Properties
733,Al Meezan Properties
734,Zain Real Estate And Builders
735,Ayesha Estate
736,Universal Property Advisors
737,Abrar Estate Services & Builders
738,GL Property Advisor
739,Afaq Real Estate & Builders
740,Al-Ahad Estate
741,Saleem Property Dealer
742,Zareef Sons Associates
743,Homeground Real Estate
744,Khan & Associates
745,MB Holdings
746,Rubab Estate And Builders
747,H&S Real Estate
748,Koh-e-Noor Estate
749,Estate Range & Builders
750,Search Realtors Real Estate  Builders
751,Z-EXPERT REAL ESTATE  MARKETING
752,Zamin Estate
753,Ikram Estate
754,Fahad Estate Advisor
755,Optionz Estate & Developers
756,F. M Real Estate & Builders
757,D. H. A Rent Estate
758,Freedom Estate & Builders
759,Afzal Estate
760,Lahore Property Group
761,Ban e Hanfi Real Estate & Builders
762,Dream Properties
763,Bilal Associates
764,Jotana Associates
765,Pak Arab Real Estate
766,Lahore Havalian Estate
767,Shaheen Engineering Consultants
768,Paradise Estate & Builders
769,Six Sigma Properties
770,Bhatti Estate & Builders
771,Islam Properties & Builders
772,Jawad Estates
773,GTZ Real Estate  Builders
774,Hussains Consultancy And Real Estate Advisor
775,ANZ REAL ESTATE  BUILDERS
776,S. A. R Associates
777,Shaheen Estate
778,ZA Builders
779,Silk Estate
780,Heaven Estate
781,AZPNRE Builder & Developer
782,Imran Enterprises Real Estate
783,Ali Town
784,Civic Estate Property Consultant & Advisor
785,Zahid Brothers
786,Tameer Associates
787,Builtz Empire
788,Zamakka Real Estate Consultants & Builders
789,Faiz Associates
790,The Empire Associates
791,Ahmed Real Estate
792,Safa Enterprises
793,Foree Deal
794,PACS Real Estate  Builders
795,Fareed Estate
796,Property Professionals
797,Al ASR Enterprises Real Estate
798,Al Sami Estate
799,Zam Zam Estate
800,Maryam Properties & Developers
801,AF Real Estate
802,M. S Associates Real Estate
803,AA Real Estate & Builders
804,Zainab Associates & Builders
805,Sangle Associate
806,HASNAIN ENTERPRISES
807,Haq Estate
808,Palm Estate
809,Pillars Beam Real Estate
810,RB Associates
811,REHMAT ESTATE & BUILDERS
812,Al Abad Real Estate
813,Skyline Property & Builders
814,ME Consultants
815,UN Holdings
816,Mian Farooq Real Estate
817,Marhaba Estate & Builders
818,Five Star Real Estate
819,Bukhari Estate
820,Rajput Real Estate & Builders
821,AL madina Property Construction & Consultant
822,Mustafai Estate
823,Askari Estate & Builders
824,Sigma Real Estate
825,Royal Properties Real Estate & Builders
826,Fazaia Estate
827,Awan Real Estate & Marketing
828,Pakistan Commercial Estate
829,AZ Real Estate & Builders
830,MKB Associates
831,Perfect Properties
832,Ideaz Realtor & Builders
833,Al Mustafa Estate and Builders
834,Eagle Associates
835,Arslan Real Estate
836,Lodhi Estate
837,Super Homes
838,Major Estate
839,Arbab Estate & Builders
840,Punjab Group Of Consultant
841,MZ Real Estate & Consultants
842,Ahmad Builders  Constructor
843,M M Alam Real Estate
844,Defence Estate Consultants
845,Javed Sons Real Estate
846,Awaab Real Estate & Consultants
847,Noor Real Estate
848,Imperial Estate & Builders
849,Al Tayyab Associate
850,Semaj Builders
851,A&A Property Advisor And Developers
852,Al Burraq Properties
853,Benchmark Properties
854,"4U Real Estate Property Dealer"
855,Sub Ki Property
856,Abdul Ghani Estate Agency
857,FB Associates
858,Center Point Real Estate
859,Skyhigh Enterprises
860,Pearl Enterprises
861,Abdul Razzaq Estate
862,Moosani Estate
863,Bilal Properties
864,MUNIR REAL ESTATE
865,Apple Associates
866,Home Xpert
867,Shamsi Corporation
868,Estate Thirty Three
869,Jinnah Builders & Real Estate
870,Parsa Estate
871,Universal Estate & Builders
872,Clifton Property
873,SIRAAT REAL ESTATE  BUILDERS
874,The Properties Advisor
875,Molas Enterprises
876,Mazhar Enterprises Real Estate
877,Lasani Estate
878,Ghousia Estate
879,Salaam Estate & Builders
880,Fortune Enterprises
881,Fair Associates Real Estate & Constructions
882,Virtual Host Builder & Developers
883,Amazing Real Estate Advisors
884,Musa Estate & Builders
885,Property Prime Time
886,Property Management Forum Real Estate
887,Al Azmat Estate
888,RJ Real Estate
889,Kanco Builders & Developers
890,North Properties
891,Azam Associates
892,First Look - Property Management
893,Land Masters Realty Investments
894,RELIENCE REAL ESTATE  BUILDERS
895,Tabani Real Estate
896,Loyal Real Estate
897,Shahbaz Real Estate
898,Abdullah Edhi
899,Capricorn Marketing
900,Pary Enterprises
901,Iqra Corporation
902,Al Naffy Associates
903,Paradise Estate
904,GRS Real Estate & Builders
905,Rayyan Estate
906,Akhlaq Associates
907,Muzammil Estate Property Experts
908,Ali Estate
909,Decent Estate
910,Mughal Associates
911,Al Karim Real Estate
912,Globe Enterprises
913,PPL Homes
914,Irfan Brothers Real Estate
915,Al Tawakkal Enterprises
916,Real Property Prime Time
917,Al Tafawud Real Estate
918,Indus Enterprises
919,M. I Associates
920,Alina Associates
921,Haider Associates Property Advisors  Contractors
922,ST Enterprises
923,Deal Maker Real Estate
924,Al Syed Real Estate Consultant
925,N N Estate
926,Al Azaan Properties
927,H & H Enterprises
928,R. I Enterprises
929,Bigzone Marketing
930,Combine Estate
931,The Treasures
932,Direction Real Estate Management
933,Property Emporium
934,Kharals Associates
935,Makan Online
936,Land Express Real Estate Consultants & Advisor
937,Khawaja Estate Corporation
938,Estatespk
939,Syed's Real Estate & Engineering Services
940,AR Estate Services
941,Property Bank
942,Tariq Corporation
943,Alpha Properties
944,Meezan Enterprises
945,Home Bridge Real Estate
946,Premier Properties
947,Owais Sheikh Real Estate & Construction
948,Paras Associates
949,JS Real Estate & Marketing
950,HR Properties
951,THE MAGISTIC ENTERPRISES REAL ESTATE  BUILDERS
952,Shaikh Karim Enterprises
953,Iconic Properties
954,Rasheed Brothers Property Consultant & Builders
955,Sattar Marketing
956,Shaheen Estate & Builders
957,Tawakkal Enterprises
958,Tawakkal Associates & Constructions
959,Z. S Associates
960,SR Enterprsies
961,HN Consultant & Developers
962,My Real Estate
963,Home Solution Zone
964,Shaikhani Associates
965,Bhabha Edhi Real Estate
966,Manzil & Company (Pvt. ) Ltd
967,Urban Pacific Real & Constriction
968,Estate Era
969,"21st Century Estate & Construction"
970,Property Channel Real Estate
971,Buraaq Real Estate
972,Masha Allah Associate And Marketing
973,Ameer Hamza Real Estate
974,WASIM REAL ESTATE
975,Al Hadi Realtor  Associates
976,Falaknaz Estate
977,Strong Enterprises
978,Z & A Real Estate & Builders
979,Taqwa Estate
980,Smart Solutions
981,Parekh Estate
982,Mayari Real Estate
983,Sun Associates
984,Nasma Properties
985,UA Real Estate & Builders
986,Estate Vision
987,Ahsan Estate
988,AR Enterprises
989,Dani property Dealer
990,Chaudhry Real Estate
991,TM Estate & Builders
992,The Estate Reality Empire & Se Construction
993,Dolat Real Estate
994,Ideal Estate Marketing
995,Zar Zamein Zamin Real Estate
996,Saif Associates
997,Real Estate Gallery
998,Mehar Associates
999,Elite Associates
1000,Jublee Property
1001,Hum Real Estate
1002,Ashfaq Enterprises
1003,Nexus Enterprises
1004,Sunrise Associates
1005,Global Properties
1006,Sahara Properties
1007,Zunaira Estate & Builders
1008,Karachi Real Estate Investment Trust
1009,Yousuf & Sons Co. LTD
1010,INSIGHT REAL ESTATE
1011,Karsaz Associates
1012,Good Luck Real Estate
1013,Ahmed Associates
1014,United Estate
1015,True Land Estate & Marketing
1016,HM Real Estate & Marketing
1017,IP Real Estate & Builders
1018,Indus Estate
1019,Lucky Estate
1020,Bismillah Property
1021,Prime Associates
1022,Amjad Estates
1023,Jilani Brothers
1024,The Decorum
1025,A1 Real Estate
1026,Realancer Real Estate & Marketing Consultant
1027,The Professional Estate
1028,Arafat Estate And Marketing
1029,Land Marks Consultants & Builders
1030,United Real Estate
1031,Five Star Estate
1032,The Civic Man Estate
1033,GM Real Estate
1034,Focus Enterprises
1035,Shokat Real Estate
1036,Heritage Properties
1037,Al Haider Estate & Builders
1038,Zahoor Fatani Estate Builders & Developers
1039,Bari's Property Advisor & Consultant
1040,Darwesh Brothers
1041,Realty Investments
1042,Anas Enterprises
1043,Kun Enterprises
1044,Al Raheem Estate
1045,Safari Builders (pvt) Ltd.
1046,Gardezi Brothers Associates & Builders
1047,KS Real Estate
1048,ELITE CONSULTANT & BUILDERS
1049,CivilNest
1050,M S Real Estate & Builders
1051,Asif Estate
1052,Fortune investment Group
1053,Bilal Property Consultant
1054,VIP Properties
1055,Hussnain Real Estate
1056,SK Property Advisor
1057,Kabul Properties
1058,Estate Panel
1059,Axis Group
1060,Property World
1061,New Investment Properties
1062,Hamdaan Associates Real Estate Consultants & Builders
1063,AL RAFAY REAL ESTATE
1064,Fazale Rabbi Real Estate
1065,US Real Estate and Construction
1066,Asasa Marketing
1067,Diamond Real Estate
1068,City Estate
1069,Mehran Enterprises
1070,Al Syed Properties
1071,Ahmed Associates & Constructor
1072,SAFE HOMES
1073,BM Enterprises
1074,Standard Real Estate & Builders
1075,Asia Real Estate & Builders
1076,Chohan HAY Estate
1077,Al Rehman Associates
1078,Pak Nest Real Estate
1079,Real Solutions
1080,Chaudhary Property
1081,Saif Khan Real Estate
1082,Makkah Real Estate
1083,Inter Pak Real Estate & Builders
1084,Awais Enterprises
1085,Investors World Estate & Builders
1086,NA Estates
1087,Best Property Advisor & Builders
1088,ART Associates
1089,Metropolitan
1090,Al Doha Group
1091,Bright Homes Real Estate
1092,Al Sahar Estate
1093,MAC Estate & Builders
1094,Square Nine International
1095,Mohsin Real Estate
1096,Unique Real Estate & Builders
1097,GK Homes
1098,One Link Real Estate & Builders
1099,Urban Deals Real Estate
1100,Marz Enterprises
1101,Hashimis SMC PVT LTD
1102,M. M Real Estate
1103,Almas Real Estate And Builders
1104,Best Choice Property
1105,Al-Makkah Real Estate
1106,Property Settlers
1107,S & S Property Advisor
1108,Enius Marketing
1109,Sublime Real Estate & Contracting
1110,Real Spot Estate
1111,ZIM Estate Marketing
1112,Boss Real Estates
1113,Landmark Realty Associates & Builders
1114,Raza Associates & Builders
1115,Waqar Enterprises
1116,A. Q. Khan Property Consultants
1117,Saba Associates
1118,Ayyan Associates & Builders
1119,IMAGE ASSOCIATES
1120,Village Estate Real Estate & Builders
1121,Malaika Estate Builders & Developer
1122,MashAllah Associates & Builders
1123,Rehan Estate & Builders
1124,Joyia Brothers
1125,Fair Deal Estate And Builders
1126,Tawaqal Real Estate
1127,Badar Estate & Builders
1128,Invest  Trade Real Estate
1129,Sarfraz Hamid Properties
1130,IMC Estate
1131,Migration Agency test
1132,MF Builder
1133,"7 Estate Builders  Property Solutions"
1134,Billionaire's Properties
1135,Inam Enterprises  Builders
1136,Safe Deals
1137,Bahria Xperts
1138,Naqshbandi Estate Adviser
1139,Empire Estate
1140,Migration Test Agency
1141,Bin Rehmat Properties
1142,IBL Marketing
1143,AN Property
1144,Al Makkah Real Estate
1145,Punjaab Estates
1146,Pioneer Homes
1147,Search Properties
1148,Estate News
1149,Punjab Real Estate & Builders
1150,Mustaqeem Properties
1151,Clifton Estate Advisor
1152,Saf Estate
1153,Kainat Estate Advisers
1154,Wealth Managers
1155,Earth Links Real Estate Consultants
1156,Muneeb Estate
1157,Devine Consultants
1158,Malkiat Real Estate
1159,Al-Mehria Associates
1160,Hajveri Estate & Builders
1161,Pak Madina Estate Agency
1162,Aadam Real Estate
1163,Yasir Estate
1164,Lahore City Properties
1165,Wall Green Realtors
1166,Atebar Construction And Properties
1167,Sarisa Estate Builders & Developers
1168,Flip Enterprises
1169,Amanullah Estates
1170,Sial Real Estate & Builders
1171,Al-Noor Estate
1172,The Shaikhani Real Estate & Marketing
1173,Property Avenue
1174,Khaas Associates
1175,KATCH The Deal Associates
1176,Big 4 Estate & Builder Pvt Ltd
1177,Obaid Estates
1178,Madni Real Estate
1179,Al Basit Estate
1180,Shaikh Enterprises
1181,Grand Enterprises & Naseem Builders
1182,Abdullah Real Estate
1183,Naeem Corporation
1184,Naseer Real Estate
1185,Saif Brothers
1186,A One Estate & Builders
1187,Shakeel Real Estate
1188,Fazal Associates
1189,R. K Properties
1190,Professionals Real Estate Consultants & Builder
1191,Nest Developers
1192,Zam Zam Real Estate
1193,AU Property Consultant
1194,Daniyal Property Point
1195,Ahsan Enterprises
1196,Your Property Real Estate
1197,Al Hashim Real Estate & Construction
1198,Taha Estate
1199,Al Wahid Real Estate
1200,Abdul Hadi Real Estate
1201,"Affan, Zeeshan"
1202,Monarch Realtor And Developers
1203,Continental Estate Services
1204,Fizaya Properties
1205,Arshad Associates
1206,Estate Construction Services
1207,Hannan Real Estate
1208,Lucky Estate & builders
1209,Hunza Estate
1210,Nexus Real Estate & Property Consultant
1211,FMJ Realtors  Builders
1212,Upscale Properties
1213,Awan Estate
1214,AZ Property
1215,Rewaz Enterprises
1216,Diyar Associate
1217,BARKAN REALTORS
1218,Behlol Paradise Real Estate
1219,Adan Property & Builders
1220,Kamran Associates
1221,OPTIONS REAL ESTATE & BUILDERS
1222,Haider Associates & Builders
1223,Al Azhar Associates
1224,Naseer Associates
1225,Kibria Marketing (PVT) Ltd
1226,Salar Property & Real Estate
1227,Sarmaya Real Estate
1228,Ideal Homes
1229,Abdullah Estate
1230,Sohail Properties
1231,Estates Man
1232,ZA Real Estate  Builder
1233,One Realty Group
1234,Zimri Associates
1235,Abdullah Associates
1236,Welcome Property
1237,Afzal Associates
1238,Super Fair Deals
1239,Awais Builders and Property Advisor
1240,Better Homes & Gardens
1241,Blessings Realtors
1242,Khyber Real Estate & Builders
1243,S  M Enterprises
1244,WZ Marketing Real Estate
1245,Ayan Estate & Builders
1246,Deal Today Marketing (PVT) LTD
1247,Hanjraa Associates
1248,Sami Ullah Property Dealer
1249,Munawar Real Estate
1250,Al-Asar International  Property
1251,Al Saffa Real Estate
1252,Aamir Estate & Builders
1253,Hafeez Marketing (Pvt. ) Ltd
1254,Select One Estate
1255,Investrust Real Estate Solutions
1256,Insaaf Real Estate  Builders
1257,Mount Constructions & Real Estate Pvt. Ltd
1258,Sharif Property Consultants
1259,Benz Marketing
1260,H. H. H Associates & Marketing
1261,Real Estate Naama
1262,Top World Marketing Real Estate & Builder
1263,Zameen Blue Area - ISB
1264,Trust Deal Properties
1265,Zameen G-11 - ISB 3
1266,Highland Real Estate & Builders
1267,Home Sense Real Estate & Builders
1268,Jk Enterprises
1269,Karayadar Real Estate
1270,Al Wahid Estate  Builders
1271,Atta Associates & Builders
1272,Property Plus Real Estate Consultants
1273,B3 Group of Companies
1274,Elilite Consultant  Builders
1275,Amlak Property Management
1276,Mount Pakistan
1277,Wali Khan Estate & Builders
1278,Noor Estate  Builders
1279,MD Real Estate
1280,Al Watan Property Advisor
1281,Property Time Real Estate Advisor
1282,Altaf Real Estate
1283,Malik's Enterprises
1284,Land Links
1285,Prime Real Estate Consultant
1286,Marhaba Property Dealer
1287,Noor Real Estate & Buiders
1288,Star Landmark Real Estate Consultant & Builder
1289,Bahria Property Builders  Advisor
1290,Khpal Jaidad
1291,Al Falah Real Estate Management
1292,City Estate Advisor
1293,Eiffel Group Of Companies
1294,Mian Sons Estate
1295,Dua Estate Adviser & Builders
1296,Waqar Associates
1297,Dff Estate  Builders
1298,Pakistan International Estate
1299,Beacon Estate Advisor
1300,Skyy Real Estate
1301,Jeewan Estate
1302,Capital Properties
1303,Duniya Estate & Developers
1304,Power Holding Associates
1305,Saim Estate and Developers
1306,Cooperative Estate & Builders
1307,Nasir Associates & Builders
1308,Khilji's Property Management
1309,Al-Waris Estate & Builders
1310,Estate Eleven Real Estate
1311,H & H Estate
1312,Bilal Estates
1313,Madina Real Estate  Developers
1314,Easy Property Links
1315,Estate Seven
1316,Property Heights Real Estate Service
1317,Sheikh Real Estate & Builders
1318,Al Nasr Marketing ( Pvt ) Ltd
1319,Stalion Real Estate
1320,Wahab Estate
1321,Green Estate
1322,Al Raheem Estate Center
1323,Faisal Rasul Consultancy
1324,Ali Associates
1325,Al Haq Estate Advisor
1326,Al Nafay Real Estate
1327,Khan Estate Agency
1328,Haji Anayatullah Associates
1329,Property House
1330,Al Samad Real Estate & Builders
1331,Champion Estate
1332,AA Marketing Real Estate & Developers
1333,"3M Properties"
1334,Junaid  Estate
1335,Talha Associates
1336,Javed Associates
1337,Al Ghazi Estate & Builders
1338,Al Basit Estate & Builders
1339,Honest Deal
1340,Hassan Estate Real Estate Consultants & Builders
1341,Rafay Estate
1342,Value Makers Real Estate & Builders
1343,Home Key Properties
1344,Huzaifa Estates
1345,Al-Kabir Experts Real Estate Consultants
1346,Unique Estate
1347,Saifullah Goraya Estate
1348,Bhai and Bhais Builder & Real Estate
1349,Al Hafiz Estate Advisor
1350,Punjab Estate
1351,"3 Star Agency"
1352,Nishat Real Estate
1353,Hussain Builders
1354,Fauji Property & Builders
1355,Choudhary Estate Advisor & Builders
1356,Noor Estate & Developers
1357,Javed Sharif Associates & Builders
1358,Pride Homes Property Consultants & Builders
1359,Bari Builders
1360,Zavia Estate & Builders
1361,Asasa Associates
1362,Pride Properties
1363,General Property Consultants
1364,Sakhi Estate & Developers
1365,Jinnah Estate
1366,Well Wisher Estate
1367,Smart Land Real Estate
1368,Al- Latif Real Estate
1369,Dhillon Estate Advisors & Builders
1370,Insaf Estate & Builders
1371,Khan Associates
1372,Wellness Associates
1373,Al-Fazal Estate & Builders
1374,Al Madina Estate Consultant
1375,Fair Solution Marketing
1376,Al Waiz Group
1377,Jagahh Estate
1378,Bak Estate
1379,A & S Real Estate Builders & Developers
1380,Shah Jee Property Consultant
1381,Topland Developers
1382,Moti Estate & Builders
1383,NUH Properties
1384,Shahs International Real Estate
1385,Wagley Associates
1386,Al Haris Enterprises
1387,Mian International
1388,Dua Real Estate and Marketing & Interior Decorator
1389,Property Scope
1390,Kakakhel Associates & Builders
1391,Crystal Real Estate
1392,YM REAL ESTATE
1393,Naveen Associates
1394,Royal Builder
1395,Karsaz Estate
1396,Rehmans Associates
1397,Faraz Associates
1398,Century Enterprises
1399,Paradise Real Estate
1400,Dossani Estate
1401,Karars Builders & Property Consultants
1402,Argus Properties
1403,Qasim Real Estate & Builders
1404,Junaid Associates
1405,Qureshi Estate
1406,Bin Suleman Real Estate
1407,Discover Properties
1408,Hi-Ness Jauhar
1409,Citi Estate
1410,Al Madina Estate
1411,Saqib Corporation
1412,Zubair Builders
1413,Ms Estate
1414,Arain Estate
1415,Right Track Consultants
1416,Hashmi Associates
1417,Dice Consultant
1418,Babar Real Estate Consultant
1419,IBN E HAIDER ASSOCIATES
1420,Anis Associates
1421,Times Associates
1422,Taqwa Enterprises
1423,Al Qamar Real Estate
1424,M Qasim Enterprises
1425,Musa Real Estate & Builders
1426,Grace Associates
1427,Fair Deals Associates & Builders
1428,Usmani Real Estate & Builders
1429,Noman Real Estate
1430,Redwood Estate & Developers
1431,Surathiya Real Estate
1432,Suleman Estate
1433,Property Expo
1434,AA Real Estate Property
1435,Al Kausar Estate
1436,Sarang Associates
1437,Saleem Estate
1438,Jahangir Estate
1439,Home Well Associates
1440,AK Services
1441,Imran Real developer Marketing
1442,Aslam Brothers & Sons
1443,Brothers Realtors
1444,Shelter Group
1445,Property Palace
1446,Haram Rasheed Associates
1447,A Real Estate
1448,Salih Real Estate
1449,Al Baraka Associates
1450,Paragon Marketing Real Estate
1451,Milan Ghar
1452,Estate Target
1453,Ittehad Estate
1454,Dua Associates  Builders
1455,Matrix properties
1456,Al Waris Property Deals
1457,True Star Realty
1458,Red B Real Estate
1459,Usman Contractor & Builders
1460,Madina Real Estate
1461,Crescent Associates
1462,ATA Associates
1463,S. M Associates
1464,"7th Galaxies Real Estate"
1465,Shahzad Associates
1466,"2020 Estates"
1467,Al-Firdous Real Estate
1468,AF Associates
1469,Al Ayan Real Estate
1470,ZedEx Property Consultant
1471,Town Estate Services
1472,MK Estate
1473,Puf Real Estate & Marketing
1474,Estate Links
1475,Guide Line Real Estate
1476,Virtual Realtor
1477,Aashiyana Associates  Real Estate Marketing
1478,Mia Noor Properties
1479,Karachi Properties
1480,Commander Enterprsies
1481,An Nafay Real Estate
1482,Wajeeh Enterprises
1483,Mizaaj Property
1484,The Unicorn Real Estates
1485,Gohar Associate
1486,Marhaba Estate
1487,Shaheen Builders & Marketing
1488,Vision Properties
1489,Channa Estate
1490,Qadri Estate
1491,Oxford Real Estate Management Services
1492,Property Advisor
1493,M R Associates
1494,Ashraf Associates
1495,AM Estate
1496,Estate Plus
1497,Dua Properties
1498,ABK Enterprises
1499,Sultan Estate
1500,S. S Corporation
1501,Think Space Real Estate
1502,Mister Estate Holdings
1503,Salman Associates
1504,ZA Enterprises Real Estate
1505,US Real Estate And Builders
1506,Saif Property
1507,Rehan Abbasi Real Estate & Builders
1508,TAG Properties
1509,Property Associates
1510,Down Town Real Estate
1511,Al Ahram Estate & Builders
1512,Amaziah Real Estate
1513,Friendly Estate
1514,Fair Deal Real Estate
1515,AP Estate Hub
1516,Mehran Real Estate
1517,Ideal Enterprises Real Estate Consultant
1518,Land Masters
1519,Al Ahmed Real Estate Consultant
1520,Al Falah Property Consultants
1521,Fly Marketing  (Pvt) ltd
1522,Shaheen Real Estate  Builders
1523,LD Enterprises
1524,S & S Associates & Builders
1525,London Estate
1526,Abbas Enterprises Developers  Builders
1527,Eagle Real Estate
1528,SR Enterprises
1529,Zulfiqar Enterprises
1530,S&S Estate Marketing
1531,Nexus Estate Services
1532,Ak Builders & Marketing
1533,Wasi International Real Estate
1534,Time 2 Move Real Estate
1535,Fazle Rabbi Associates and Builders
1536,Perfect Estate & Builders
1537,Aitemaad Real Estate & Builders
1538,Specialist Marketing
1539,Mark Arabians International Real Estate
1540,SS Property
1541,Jadoon Associate
1542,Property Engineers
1543,Pak City Homes
1544,ARK Marketing
1545,Reliance International and Consultant
1546,Rapid Realtors
1547,Property Brokers
1548,Executive Estate & Marketing
1549,Buraq Estate Deals
1550,Urban Edge Real Estate Consultant
1551,New United Real Estate
1552,Property Exchange
1553,International Estate & Advisor
1554,Business Communicator
1555,Land Mark Associates
1556,Four Corners
1557,Farid Estates
1558,"5 Zone Property"
1559,Property Web
1560,Marriott Estate Corporation
1561,The Township Real Estate
1562,Sultani Associates
1563,Jeddah Property
1564,USMANIA ESTATE & BUILDERS (PTV) LT
1565,Al Arsh Associates
1566,Al Madina Estate Advisor
1567,Awan Associates
1568,Tameer Holdings
1569,ASR Marketing
1570,High Mark Estate & Builders
1571,Future World Real Estate & Builders
1572,Pakland Estate
1573,Property Expert Center
1574,Property Ship Real Estate
1575,Al Rayyan Real Estate & Builders
1576,AL Farrukh Real Estate & Builders
1577,Zain Realtors
1578,Estate Vanue
1579,Silver Bell Marketing (PVT)
1580,Global Real Estate & Builders
1581,Excellence Real Estate
1582,Orbis Real Estate & Marketing
1583,Classic Estate
1584,Al- Wazir Real Estate Solutions
1585,Subhan Allah Property Corporation
1586,Incerdible X Real Estate
1587,Prism Real Estates
1588,PAK LAND REAL ESTATE
1589,Computer Estate
1590,Taj Estate
1591,Sohan Estate
1592,Chohan Empire
1593,Qaswa Land Real Estate
1594,AZ Estates
1595,Ali Hamza Estate  Builders
1596,Hassan Associates and Builders
1597,Arab Real Estate
1598,Ch Ikrash Estate & Builders
1599,Rafi Estate & Builders
1600,Usman Ghani Real Estate
1601,SMART GROUP
1602,Omair Estate & Builders
1603,HNH Group Builders & Associates
1604,Ideal Estate & Builders
1605,Royal Enclave Developers
1606,Abid Estate Agency
1607,AM Real Estate  Builders
1608,Life Line Associates
1609,Best Way Estate & Builders
1610,DownTown Holdings
1611,New Green Estate & Builders
1612,Germanics Estate
1613,Al Haq Associates
1614,Pak Real Estates & Builders
1615,Dubai Real Estate
1616,Basharat Estate & Builders
1617,AL Haram Estate & Builders
1618,Bashir Sons Estate Builders
1619,Mian Brothers
1620,Mian Property Advisor Real Estate  Consultants
1621,Al Mashhadi Associates
1622,Iqbal Real Estate
1623,Estate 42
1624,Makaan Real Estate Consultant & Builders
1625,State One Agency
1626,Zafar Associates
1627,Rashid & Associates Realtors
1628,Amanat Associates
1629,Elite Property Exchange
1630,New Land Master
1631,Ajmair Real Estate  Builders
1632,Al Aziz Marketing Network (R)
1633,Arz Properties
1634,Al Baraka Estate
1635,Maliks Estate  Builders
1636,Ibrahim Properties
1637,Paradise Properties
1638,Marwa Marketing
1639,Digital Estate & Builders
1640,Waseem Associates
1641,Shahzad Real Estate  Marketing
1642,Balaaj Real Estate
1643,World Property & Builders
1644,Ulfat Property Linker
1645,MH Marketing & Associate
1646,Land Holders Real Estate
1647,New Realtors Estate Real Estate Advisor
1648,Dr Estate & Builders
1649,Shan Property & Builders
1650,Fast Deal Real Estate
1651,Ahmed Estate
1652,Estate Master
1653,Shahum Builders
1654,Shafi Sons Estate
1655,AN Estate Corporation
1656,Zulfiqar Real Estate
1657,Digixcommerce Consultant
1658,Subhan Sons Real Estate
1659,ABDULLAH REAL ESTATE & DEVELOPERS
1660,Al Araz Property Advisor
1661,IESA Alliance
1662,Kashmir Real Estate Builders
1663,Zain Associates
1664,Land Stock
1665,Star Eagle Developers
1666,Orion Property Management
1667,Property Sellers
1668,"92 Marketing"
1669,Al Waheed Estate & Builders
1670,Zulfiqar Real Estate & Builders
1671,Makkah Properties
1672,Shaan Builders Real Estate
1673,Khokhar Estates Marketing
1674,Muslim Estate  Builders
1675,Raees Associates
1676,Kazam Associates
1677,Khan Estate Advisor
1678,Waqas Real Estate & Builders
1679,Sim Property Advisor & Builders
1680,Chughtai Estate & Builders
1681,Al Sadiq Property Advisor & Builders
1682,Vohra Estate
1683,Punjab Property Point Real Estate  Builders
1684,Casa Estate & Developers
1685,ZF Estate & Builders
1686,Al Wadood Realtors
1687,Sargodha Estate & Builders
1688,Naimal Property Advisor & Developers
1689,MMA Real Estate
1690,Rao Sons Real Estate
1691,Dream Builders  Concern
1692,Moon Real Estate
1693,Unique Property Consultant
1694,Qaiser Estate
1695,Umer Associates & Builders
1696,Al Rehman Marketing & Builders
1697,Promo Estate & Developers
1698,Sky High Real Estate
1699,Brother Properties
1700,The Brand Earth Real Estate Consultant
1701,Tayyab Real Estate & Builders
1702,AI Developers
1703,AL MADAD BUILDERS  REAL ESTATE
1704,Aqwa Real Estate Advisors
1705,HS Estate
1706,New Baghdad Estate
1707,MATZ Services
1708,Arz Investments Real Estate Marketing
1709,Kamal Properties
1710,F 1 Properties
1711,Daneen Estate
1712,Horizon Properties
1713,Mian Properties
1714,Saqib Real Estate Advisor
1715,Foster Real Estate
1716,Estate Circle
1717,Al Hafeez Real Estate
1718,Kamboh Estate Advisor
1719,Athar Associates
1720,Shelter Plus Real Estate & Construction Co.
1721,Mohal Land Holding Real Estate
1722,Best Choice Real Estate Consultant
1723,Future Plan Real Estate
1724,M Abbas & Sons Real Estate
1725,Al Rehmat Associates
1726,Al Jabbar Rael Estate
1727,New Cavalry Real Estate
1728,Sheza Marketing
1729,Property Guys
1730,Sana Enterprises Real Estate
1731,Saibaan Associates
1732,Property Range
1733,Hiland Group Real Estate & Builders
1734,Amin Estate & Builders
1735,Mahal Real Estate
1736,Land Expert
1737,Payework Associates
1738,Hajveri Estate
1739,Value Property
1740,JQ Real Estate & Builders
1741,Minhas Property Dealer
1742,Konnect Properties
1743,Reality Estate
1744,United Estate & Builders
1745,Tajer Group
1746,Yousaf Associates
1747,Property Inn
1748,"7 Star Estate"
1749,Metro Avenue Consultant
1750,Al Hamd Estate And Builders
1751,Adil Constructions Builders & Real Estate
1752,Divine Estate
1753,Modern Shelter
1754,Baahu Estate
1755,Qamar Real Estate
1756,"8 Online Real Estate"
1757,The Royal Properties
1758,Professional Estate
1759,Prime Property Real Estate Consultant
1760,Malik Hadi Estate & Builders
1761,Mughal Real Estate
1762,Hafiz Estate & Developer
1763,Pakistan Builder Real Estate
1764,GRAND LINKS REAL ESTATE CONSULTANTS
1765,Nexus Developers
1766,Daniel Estate
1767,Master Estate
1768,Arrow Head Real Estate
1769,Daha Associates
1770,Al Safa Estate Advisor
1771,Overseas Property Network
1772,Jaidad Developers
1773,Welcome Estate Agency
1774,Shehryar & Nauman Builders & Real Estate
1775,Ammar Real Estate
1776,Waheed Estate & Builders
1777,Lahore Askari Marketing
1778,Diamond Real Estate Consultant & Builders
1779,Chaudhary Group Real Estate & Builders
1780,My Properties
1781,Hateem Real Estate & Advisor
1782,Chaudhary Associates Real Estate & Builders
1783,Dubai Estate and Builders
1784,Al Raheem Estate & Builders
1785,Property Investors
1786,Mfi Estate
1787,Moaz Associates
1788,Green Earth Associates
1789,Abbas Associates
1790,Muslim Real Estate  Developments
1791,Property Leaders
1792,Aashiyana Estate Advisor
1793,Hafiz Real Estate & Builders
1794,Shizwan Marketing Real Estate & Builders
1795,Apna Raqba
1796,Pasha Estate
1797,Smart Properties
1798,Mega Estate
1799,Rooha Real Estate
1800,Al Jannat Property Dealer & Builders
1801,Agency 42
1802,Tariq Associates
1803,Ashraf Estate & Builders
1804,Al-Haram Estate  Builders
1805,M. R Real Estate
1806,Frontier Property Hub
1807,Blue Real Estate
1808,Shafey Properties
1809,Mian Usman Associates
1810,Connect Properties
1811,Sahir Estate links & Builders
1812,Shah Fazal  Ahmed Estate Advisor
1813,Al Hafiz Estate Center
1814,Baqir Estate
1815,Syed Estate Advisor
1816,X1 Developers Pvt LTD
1817,Mk Estate  Builders
1818,Time To Move Real Estate Consultants
1819,Narowal Estate
1820,Kashif Estate & Builders
1821,Niazi Real Estate & Marketing
1822,Al Noor Estate & Builders
1823,Asad Real Estate
1824,Selcouth Pvt Ltd
1825,Al Awan Associates
1826,Mehboob Real Estate & Builders
1827,Qadri Real Estate & Constructor
1828,Mian Estate Advisor
1829,Al Hadi Estate Adviser
1830,Bin Sadiq Real Estate
1831,Easy Deal
1832,Property Nation
1833,Great Real Estate
1834,Al Assar Associates
1835,Podium Associates (PVT) LTD
1836,Warsi Real Estate Agency
1837,Hamza Property
1838,Ajwa Estate
1839,Matchless Estate & Builders
1840,Faisal Land Advisor
1841,Shahbaz Estate
1842,Azaan Estate
1843,Malik Estate & Builders
1844,HK Marketing
1845,Rehn Basera Property Advisor
1846,Ahmad Raza Butt Real Estate
1847,Forces Properties
1848,Focus Estate  Builders
1849,P4 Property
1850,Al Aziz Builders
1851,ZTB Real Estate & Builders
1852,Nobel Estate
1853,SK Grand Properties
1854,Dy Holdings
1855,Tower Real Estate
1856,Ismail Associates Developer & Builders
1857,Icon Properties
1858,Gold Star Consultants Pvt Ltd
1859,Khawaja Brothers
1860,AM Estate Advisor
1861,Taha Associates & Builders
1862,Mashriq 99
1863,Royal Estate Advisor
1864,Graceland Real Estate
1865,Home Square
1866,SN Real Estate
1867,MH Associates
1868,Muhammadi Associate
1869,Times Real Estate
1870,Zeeshan Estate Advisors
1871,Asif Associates Real Estate Consultant & Builders
1872,Gulshan Estate Advisor
1873,Asad Builders
1874,Metropolitan Consultancy
1875,Al Raza Marketing & Builders
1876,Al Meezan Real Estate
1877,King Land Holdings
1878,FJ Builders & Realtors
1879,Defence Way Real Estate
1880,Deal Point Real Estate
1881,Best Estate & Builders
1882,Apna Properties
1883,Home Solutions Real Estate
1884,Property Hunters
1885,Friends Estate & Marketing
1886,"101 Properties"
1887,Muhammadi Estate
1888,NAEEM ASSOCIATES & BUILDERS
1889,Jageer Real Estate
1890,Zodic Estate
1891,Defence Developers
1892,Odyssey Sourcing
1893,Century Properties
1894,Estates 92
1895,Palm Real Estate & Construction
1896,Shaheen Associates & Builders
1897,Al Hadi Associates
1898,Penta Developers
1899,Furqan Estate
1900,Majeed Sons Estate Builders
1901,Mughal Estate And Builders
1902,Al Musawar Estate
1903,Dayim Marketing
1904,Waqas Real Estate
1905,Rizwan Real Estate
1906,Muhammad Din Estate
1907,Crescent Estate & Builders
1908,A & M Real Estate & Builders
1909,Al Meezan Estate
1910,Al Haram Estate and Builders
1911,IBN-E-HAIDER ESTATE & BUILDERS
1912,Naqshbandi Estate
1913,Wali Enterprises
1914,Almo Estate
1915,Al Hafiz Real Estate & Builder
1916,Al Rehmat Real Estate & Builders
1917,House of Property
1918,M M Estate & Builders
1919,Umer Estate Advisor
1920,Chaudhry Properties
1921,Al Hamd Real Estate & Builders
1922,Afzal estate Advisor
1923,Hanif Sons Property Advisor
1924,Miraj Construction & Real Estate
1925,Shelter Estate
1926,Al-Khan Estate & Builders
1927,E Z Estate
1928,Property Circle
1929,Akbar Associates
1930,Bismillah Estate & Developer
1931,Alisons Dot Pk
1932,Lucky Associates
1933,Mayo Traders & Real Estate
1934,Valencia Estate
1935,Al Habib Real Estate
1936,Pakistan Property Linkers
1937,Gateway Properties
1938,Jamal Estate & Builders
1939,Lasani Vision Real Estate
1940,Takween Real Estate
1941,Makkah Estate
1942,FAIR DEAL ESTATE & BUILDERS
1943,Klair Associates
1944,Secure Property Consultant
